,reger,reger2,reger3,dis1,dis2,dis3
0,"VVD, CDA, GL/PvdA, NSC, BBB","D66, VVD, CDA, CU, GL/PvdA","D66, VVD, CDA, GL/PvdA",64.48965324713501,71.20669352170636,72.61313543624212
1,"JA21, VVD, NSC, BBB, PVV","VVD, NSC, BBB, PVV","JA21, VVD, BBB, PVV",37.4665283680211,37.696788037861346,38.1037734395553
2,"JA21, VVD, NSC, BBB, PVV","VVD, NSC, BBB, PVV","SGP, VVD, NSC, BBB, PVV",37.4665283680211,37.696788037861346,40.64783612224991
