,bar,count_x,count_y,count,prefer
0,"BBB, NSC, PVV, VVD, JA21",0.6666666666666666,0.0,0.0,37.4665283680211
1,"BBB, NSC, PVV, SGP, VVD",0.3333333333333333,0.0,0.3333333333333333,40.6478361222499
2,"BBB, NSC, PVV, VVD",0.0,0.6666666666666666,0.0,37.69678803786134
3,"BBB, NSC, PVV, SGP, VVD, JA21",0.0,0.3333333333333333,0.0,41.03533100149476
4,"BBB, NSC, FvD, PVV, VVD, JA21",0.0,0.0,0.3333333333333333,41.90946406565105
5,"BBB, PVV, VVD, JA21",0.0,0.0,0.3333333333333333,38.10377343955529
