,bar,count_x,count_y,count
0,"BBB, NSC, PVV, VVD, JA21",0.6666666666666666,,
1,"BBB, NSC, PVV, SGP, VVD",0.3333333333333333,,0.3333333333333333
2,"BBB, NSC, PVV, VVD",,0.6666666666666666,
3,"BBB, NSC, PVV, SGP, VVD, JA21",,0.3333333333333333,
4,"BBB, NSC, FvD, PVV, VVD, JA21",,,0.3333333333333333
5,"BBB, PVV, VVD, JA21",,,0.3333333333333333
