,reger,reger2,reger3,dis1,dis2,dis3
0,"BBB, NSC, PVV, VVD, JA21","BBB, NSC, PVV, VVD","BBB, NSC, PVV, SGP, VVD",37.4665283680211,37.69678803786134,40.6478361222499
1,"BBB, NSC, PVV, SGP, VVD","BBB, NSC, PVV, SGP, VVD, JA21","BBB, NSC, FvD, PVV, VVD, JA21",40.6478361222499,41.03533100149476,41.90946406565105
2,"BBB, NSC, PVV, VVD, JA21","BBB, NSC, PVV, VVD","BBB, PVV, VVD, JA21",37.4665283680211,37.69678803786134,38.10377343955529
