,reger,reger2,reger3,dis1,dis2,dis3
0,"VVD, NSC, PVV, BBB, JA21","VVD, NSC, PVV, BBB","VVD, PVV, BBB, JA21",37.4665283680211,37.696788037861346,38.10377343955529
1,"D66, VVD, NSC, CDA, GL/PvdA","D66, VVD, CDA, GL/PvdA, BBB","D66, VVD, SP, CDA, GL/PvdA",73.50573406821839,82.53717860274402,104.89492097761702
2,"VVD, NSC, PVV, BBB, JA21","VVD, NSC, PVV, BBB","VVD, PVV, BBB, JA21",37.4665283680211,37.696788037861346,38.10377343955529
