,CU,SP,BBB,GL/PvdA,NSC,PvdD,BIJ1,FvD,Volt,D66,PVV,GL,SGP,VVD,50PLUS,JA21,CDA,Denk
0,0.0,0.0,0.9999999999999999,0.0,0.9999999999999999,0.0,0.0,0.0,0.0,0.0,0.9999999999999999,0.0,0.33333333333333326,0.9999999999999999,0.0,0.6666666666666665,0.0,0.0
1,0.0,0.0,0.9999999999999999,0.0,0.9999999999999999,0.0,0.0,0.0,0.0,0.0,0.9999999999999999,0.0,0.33333333333333326,0.9999999999999999,0.0,0.33333333333333326,0.0,0.0
2,0.0,0.0,0.9999999999999999,0.0,0.6666666666666665,0.0,0.0,0.33333333333333326,0.0,0.0,0.9999999999999999,0.0,0.33333333333333326,0.9999999999999999,0.0,0.6666666666666665,0.0,0.0
3,0.0,0.0,0.9999999999999998,0.0,0.9666666666666665,0.0,0.0,0.033333333333333326,0.0,0.0,0.9999999999999998,0.0,0.33333333333333326,0.9999999999999998,0.0,0.5666666666666665,0.0,0.0
